rank,changepoint_prior_scale,seasonality_prior_scale,seasonality_mode,yearly_seasonality,cv_rmse,cv_mae,cv_mape
1,0.5,10.0,multiplicative,10,1931392.844310092,1459617.9287913672,13.488627194454592
2,0.5,10.0,additive,10,1953695.5177698547,1320804.4505181548,11.672072334342788
3,0.5,1.0,additive,10,1962910.2238037027,1325542.474351158,11.696353271224153
4,0.5,1.0,multiplicative,10,1966773.2212442253,1437983.0020831593,13.14664511031744
5,0.1,10.0,additive,10,1993775.6080679328,1331944.90130376,11.683135137068339
6,0.05,10.0,additive,10,1995723.189711894,1334129.937677245,11.703767653079073
7,0.05,1.0,additive,10,2000420.1852867673,1340900.7227746206,11.763435915111437
8,0.1,1.0,additive,10,2000691.4598349682,1341300.0420690149,11.76725964777139
9,0.05,10.0,multiplicative,10,2001257.1233596723,1462812.9533925187,13.357776359486145
10,0.1,10.0,multiplicative,10,2001721.2154019966,1463022.8574072241,13.359349724408581
11,0.1,1.0,multiplicative,10,2006920.8444564054,1450976.2983898974,13.182166671681609
12,0.05,1.0,multiplicative,10,2007442.3909953022,1451377.1933219589,13.185702746366317
13,0.5,1.0,multiplicative,3,2060401.1045092281,1473258.5547284344,13.144862114606104
14,0.5,10.0,multiplicative,3,2062486.75458617,1475304.5976741381,13.1646913585652
15,0.05,1.0,multiplicative,3,2063205.7666169668,1475388.311551281,13.163656733439591
16,0.1,1.0,multiplicative,3,2063589.9512020075,1475993.9699039385,13.170206143286418
17,0.05,10.0,multiplicative,3,2064252.3871573065,1476982.9100463537,13.18079730752206
18,0.1,10.0,multiplicative,3,2064356.2866939383,1477033.2457574413,13.181127795704505
19,0.5,10.0,additive,3,2068416.6633800955,1430917.5936332066,12.589654492661136
20,0.5,1.0,additive,3,2069115.8270814773,1432095.8354910908,12.602197288638084
21,0.05,1.0,additive,3,2069118.1130017035,1432109.0862922855,12.602353272738423
22,0.05,10.0,additive,3,2069661.6810002748,1433075.2336961024,12.61272835487763
23,0.1,1.0,additive,3,2070916.8385330425,1434358.7061392684,12.624949711212288
24,0.1,10.0,additive,3,2073369.9747908842,1437627.495303828,12.658269062618565
25,0.5,1.0,multiplicative,4,2110137.458176812,1502518.7052159996,13.4131209331759
26,0.05,1.0,multiplicative,4,2110656.165451015,1503019.71403425,13.418181242985968
27,0.5,10.0,multiplicative,4,2111452.4164622505,1503915.8060484296,13.426890148670278
28,0.1,10.0,additive,4,2111803.2487493716,1450593.3014650515,12.742720671622074
29,0.05,10.0,additive,4,2112346.4922488006,1451124.112023631,12.747789288069614
30,0.1,1.0,additive,4,2112576.9560717824,1451394.5720222432,12.750491918325487
31,0.5,1.0,additive,4,2112693.5660680356,1451531.1763476403,12.751857380080175
32,0.05,1.0,additive,4,2112929.790539126,1451861.2664786458,12.755274917792514
33,0.5,10.0,additive,4,2113254.4515105956,1452127.144526233,12.757675440471896
34,0.1,10.0,multiplicative,4,2115815.6532328036,1508211.261720404,13.467968454974269
35,0.1,1.0,multiplicative,4,2118073.3276553485,1510317.7947420788,13.48757154691596
36,0.05,10.0,multiplicative,4,2121558.4611146166,1514791.4431309588,13.534021543859396
37,0.05,1.0,additive,6,2137383.0529216067,1526360.4352882635,13.57085636149086
38,0.05,10.0,additive,6,2137828.652866215,1526810.7234916491,13.575332253685271
39,0.5,1.0,additive,6,2138106.4781881836,1527464.8467006956,13.582453703173694
40,0.1,10.0,additive,6,2138316.805321257,1527589.4353132464,13.583588709339042
41,0.5,10.0,additive,6,2138941.1485259035,1528358.9209969118,13.59118720566733
42,0.1,1.0,additive,6,2139429.3666382004,1529128.0902245827,13.598977631708289
43,0.5,1.0,multiplicative,6,2141434.922230373,1560714.6801903096,14.05724411829355
44,0.5,10.0,multiplicative,6,2145314.1010665703,1565293.1725328453,14.102767617352848
45,0.05,1.0,multiplicative,6,2152396.773362707,1573877.1079895273,14.187297973790075
46,0.1,10.0,multiplicative,6,2157944.3819405613,1580616.6953589742,14.25347650063066
47,0.1,1.0,multiplicative,6,2159005.597837746,1582461.9555692442,14.27220409327534
48,0.05,10.0,multiplicative,6,2160868.762350405,1584396.5714942869,14.290824846450331
